{
    "kodak_endura_premier_uc": {
        "TH-KG3-L": {
            "kodak_ektar_100_auc": [
                0.8734307560763502,
                0.8670851856913967,
                0.35
            ],
            "kodak_portra_160_auc": [
                0.836620897647164,
                0.7603783971002073,
                0.35
            ],
            "kodak_portra_400_auc": [
                0.8072223755188631,
                0.7217899210247499,
                0.35
            ],
            "kodak_portra_800_auc": [
                0.8689226377292187,
                0.7508344859636921,
                0.35
            ],
            "kodak_portra_800_push1_auc": [
                0.8948505150691253,
                0.777174193633402,
                0.35
            ],
            "kodak_portra_800_push2_auc": [
                0.8959158171605441,
                0.7540329122600925,
                0.35
            ],
            "kodak_gold_200_auc": [
                0.8041848361246579,
                0.7007060702712584,
                0.35
            ],
            "kodak_ultramax_400_auc": [
                0.8134102974557691,
                0.7323604241995457,
                0.35
            ],
            "kodak_vision3_50d_uc": [
                0.6950997375049853,
                0.53420842386308,
                0.35
            ],
            "kodak_vision3_250d_uc": [
                0.711098798306431,
                0.563334155252968,
                0.35
            ],
            "kodak_vision3_200t_uc": [
                0.7511588350555587,
                0.5613004389333914,
                0.35
            ],
            "kodak_vision3_500t_uc": [
                0.7051557463553354,
                0.5258883716866027,
                0.35
            ],
            "fujifilm_pro_400h_auc": [
                0.7242009225264617,
                0.6370602478898447,
                0.35
            ],
            "fujifilm_c200_auc": [
                0.8512572282580968,
                0.7512312049684948,
                0.35
            ],
            "fujifilm_xtra_400_auc": [
                0.7198077666329668,
                0.5327614133368722,
                0.35
            ]
        }
    },
    "kodak_ektacolor_edge_uc": {
        "TH-KG3-L": {
            "kodak_ektar_100_auc": [
                0.9381014286287546,
                0.9181928600323274,
                0.35
            ],
            "kodak_portra_160_auc": [
                0.9219034597308815,
                0.853742721417744,
                0.35
            ],
            "kodak_portra_400_auc": [
                0.9059984340037708,
                0.8270190369225627,
                0.35
            ],
            "kodak_portra_800_auc": [
                0.9377219427596082,
                0.8496849102307563,
                0.35
            ],
            "kodak_portra_800_push1_auc": [
                0.949731991002724,
                0.8643735348849042,
                0.35
            ],
            "kodak_portra_800_push2_auc": [
                0.9502233005292771,
                0.8500186860402058,
                0.35
            ],
            "kodak_gold_200_auc": [
                0.9040866340297958,
                0.8144192512086957,
                0.35
            ],
            "kodak_ultramax_400_auc": [
                0.9084432638260338,
                0.8336843052032827,
                0.35
            ],
            "kodak_vision3_50d_uc": [
                0.8244259263364513,
                0.6582794016706319,
                0.35
            ],
            "kodak_vision3_250d_uc": [
                0.8341766192759659,
                0.6799715824663392,
                0.35
            ],
            "kodak_vision3_200t_uc": [
                0.8570955790479635,
                0.6782908140409645,
                0.35
            ],
            "kodak_vision3_500t_uc": [
                0.8303880672344722,
                0.651942119284879,
                0.35
            ],
            "fujifilm_pro_400h_auc": [
                0.8503203883808507,
                0.749595008624124,
                0.35
            ],
            "fujifilm_c200_auc": [
                0.9190272994180713,
                0.82966714097658,
                0.35
            ],
            "fujifilm_xtra_400_auc": [
                0.8430398692112676,
                0.6693049811222892,
                0.35
            ]
        }
    },
    "kodak_supra_endura_uc": {
        "TH-KG3-L": {
            "kodak_ektar_100_auc": [
                0.8338883752486214,
                0.7377661310911608,
                0.35
            ],
            "kodak_portra_160_auc": [
                0.8197894720316015,
                0.5096426843184224,
                0.35
            ],
            "kodak_portra_400_auc": [
                0.7917710356307793,
                0.38045526830959897,
                0.35
            ],
            "kodak_portra_800_auc": [
                0.8081143218295539,
                0.5773201066087789,
                0.35
            ],
            "kodak_portra_800_push1_auc": [
                0.8446682832327708,
                0.6112366503034061,
                0.35
            ],
            "kodak_portra_800_push2_auc": [
                0.8461454172471038,
                0.572162675301683,
                0.35
            ],
            "kodak_gold_200_auc": [
                0.7650090901497167,
                0.5409160163435889,
                0.35
            ],
            "kodak_ultramax_400_auc": [
                0.7549741910810809,
                0.583530429721465,
                0.35
            ],
            "kodak_vision3_50d_uc": [
                0.6778181841423204,
                0.3483042777840716,
                0.35
            ],
            "kodak_vision3_250d_uc": [
                0.6875103848156406,
                0.3377959029589688,
                0.35
            ],
            "kodak_vision3_200t_uc": [
                0.7396934951974993,
                0.27018323463728866,
                0.35
            ],
            "kodak_vision3_500t_uc": [
                0.6902660888827701,
                0.24025585915721925,
                0.35
            ],
            "fujifilm_pro_400h_auc": [
                0.6801590070215116,
                0.5118579397602564,
                0.35
            ],
            "fujifilm_c200_auc": [
                0.8398731668030743,
                0.6629911749807497,
                0.35
            ],
            "fujifilm_xtra_400_auc": [
                0.6921515215955265,
                0.5159295745764015,
                0.35
            ]
        }
    },
    "kodak_portra_endura_uc": {
        "TH-KG3-L": {
            "kodak_ektar_100_auc": [
                0.8281669421827864,
                0.7647117638571483,
                0.35
            ],
            "kodak_portra_160_auc": [
                0.8140886305157179,
                0.5561022522381667,
                0.35
            ],
            "kodak_portra_400_auc": [
                0.7853930691165124,
                0.43929564532368104,
                0.35
            ],
            "kodak_portra_800_auc": [
                0.8017807091373371,
                0.621968880618154,
                0.35
            ],
            "kodak_portra_800_push1_auc": [
                0.8396946182929254,
                0.6521845009201999,
                0.35
            ],
            "kodak_portra_800_push2_auc": [
                0.8413804740999564,
                0.6172148280157685,
                0.35
            ],
            "kodak_gold_200_auc": [
                0.7570200649297808,
                0.588109475850519,
                0.35
            ],